{"cameraMode":{"drawMode":0,"name":"Shaded","section":"Shading Mode"},"sceneLighting":false,"audioPlay":false,"sceneViewState":{"showFog":true,"showMaterialUpdate":false,"showSkybox":false,"showFlares":true,"showImageEffects":true,"showParticleSystems":true},"in2DMode":false,"pivot":{"x":0.050623416900634769,"y":0.8018447160720825,"z":-0.14921319484710694},"rotation":{"x":-0.08869530260562897,"y":0.003583121346309781,"z":-0.0003126623632851988,"w":-0.9960769414901733},"size":1.386877417564392,"orthographic":false}